Group,DOY,Lat,Region2,LatGrouping_by10,LatGrouping_by5
captive,88,1.40456,Canis lupus pallipes,1-10. ,1-5. 
captive,119,1.40456,Canis lupus pallipes,1-10. ,1-5. 
captive,123,1.40456,Canis lupus pallipes,1-10. ,1-5. 
captive,152,1.40456,Canis lupus pallipes,1-10. ,1-5. 
captive,252,1.40456,Canis lupus pallipes,1-10. ,1-5. 
captive,254,1.40456,Canis lupus pallipes,1-10. ,1-5. 
captive,6,1.40456,Canis lupus pallipes,1-10. ,1-5. 
captive,35,1.40456,Canis lupus pallipes,1-10. ,1-5. 
captive,69,12.30265,Canis lupus pallipes,10-20. ,10-15. 
captive,70,12.30265,Canis lupus pallipes,10-20. ,10-15. 
captive,70,12.30265,Canis lupus pallipes,10-20. ,10-15. 
captive,73,12.30265,Canis lupus pallipes,10-20. ,10-15. 
captive,81,12.30265,Canis lupus pallipes,10-20. ,10-15. 
captive,83,12.30265,Canis lupus pallipes,10-20. ,10-15. 
captive,88,12.30265,Canis lupus pallipes,10-20. ,10-15. 
captive,95,12.30265,Canis lupus pallipes,10-20. ,10-15. 
captive,101,12.30265,Canis lupus pallipes,10-20. ,10-15. 
captive,106,12.30265,Canis lupus pallipes,10-20. ,10-15. 
captive,37,12.30265,Canis lupus pallipes,10-20. ,10-15. 
captive,38,12.30265,Canis lupus pallipes,10-20. ,10-15. 
captive,42,12.30265,Canis lupus pallipes,10-20. ,10-15. 
captive,45,12.30265,Canis lupus pallipes,10-20. ,10-15. 
captive,47,12.30265,Canis lupus pallipes,10-20. ,10-15. 
captive,50,12.30265,Canis lupus pallipes,10-20. ,10-15. 
captive,53,12.30265,Canis lupus pallipes,10-20. ,10-15. 
captive,55,12.30265,Canis lupus pallipes,10-20. ,10-15. 
captive,61,12.30265,Canis lupus pallipes,10-20. ,10-15. 
captive,71,13.70942,Canis lupus pallipes,10-20. ,10-15. 
captive,94,13.70942,Canis lupus pallipes,10-20. ,10-15. 
wild ,26,15.5172532,Indian,10-20. ,15-20.
wild ,29,15.6364089,Indian,10-20. ,15-20.
wild ,35,15.6364089,Indian,10-20. ,15-20.
wild ,26,15.6364089,Indian,10-20. ,15-20.
wild ,35,15.6364089,Indian,10-20. ,15-20.
wild ,51,17.8228,Indian,10-20. ,15-20.
wild ,36,17.8275,Indian,10-20. ,15-20.
wild ,75,17.8317,Indian,10-20. ,15-20.
wild ,104,18.153,Indian,10-20. ,15-20.
wild ,95,18.153,Indian,10-20. ,15-20.
wild ,85,18.188,Indian,10-20. ,15-20.
wild ,59,18.188,Indian,10-20. ,15-20.
wild ,53,18.204,Indian,10-20. ,15-20.
wild ,106,18.2058,Indian,10-20. ,15-20.
wild ,74,18.211,Indian,10-20. ,15-20.
wild ,50,18.211,Indian,10-20. ,15-20.
wild ,47,18.211,Indian,10-20. ,15-20.
wild ,59,18.211,Indian,10-20. ,15-20.
wild ,51,18.211,Indian,10-20. ,15-20.
wild ,64,18.211,Indian,10-20. ,15-20.
wild ,38,18.2164,Indian,10-20. ,15-20.
wild ,82,18.229,Indian,10-20. ,15-20.
wild ,105,18.266,Indian,10-20. ,15-20.
wild ,63,18.266,Indian,10-20. ,15-20.
wild ,63,18.359,Indian,10-20. ,15-20.
wild ,22,18.359,Indian,10-20. ,15-20.
wild ,104,18.361,Indian,10-20. ,15-20.
wild ,61,18.361,Indian,10-20. ,15-20.
wild ,47,18.384,Indian,10-20. ,15-20.
wild ,67,18.384,Indian,10-20. ,15-20.
wild ,93,18.395,Indian,10-20. ,15-20.
wild ,95,18.395,Indian,10-20. ,15-20.
wild ,61,18.418,Indian,10-20. ,15-20.
wild ,78,18.418,Indian,10-20. ,15-20.
wild ,51,18.428,Indian,10-20. ,15-20.
wild ,35,18.428,Indian,10-20. ,15-20.
wild ,75,18.591,Indian,10-20. ,15-20.
wild ,152,18.747,Indian,10-20. ,15-20.
wild ,44,18.888,Indian,10-20. ,15-20.
wild ,46,19.0294,Indian,10-20. ,15-20.
wild ,52,19.2167,Indian,10-20. ,15-20.
wild ,158,20.719524,Middle East,20-30. ,20-25. 
captive,78,21.54134,Canis lupus pallipes,20-30. ,20-25. 
captive,84,21.54134,Canis lupus pallipes,20-30. ,20-25. 
captive,84,21.54134,Canis lupus pallipes,20-30. ,20-25. 
captive,99,21.54134,Canis lupus pallipes,20-30. ,20-25. 
captive,112,21.54134,Canis lupus pallipes,20-30. ,20-25. 
captive,57,21.54134,Canis lupus pallipes,20-30. ,20-25. 
wild ,59,22.045096,Indian,20-30. ,20-25. 
wild ,59,23.49909,Indian,20-30. ,20-25. 
wild ,129,24.244004,Middle East,20-30. ,20-25. 
captive,135,25.28352,Canis lupus arabs,20-30. ,25-30.
captive,147,25.28352,Canis lupus arabs,20-30. ,25-30.
captive,151,25.28352,Canis lupus arabs,20-30. ,25-30.
captive,162,25.28352,Canis lupus arabs,20-30. ,25-30.
captive,163,25.28352,Canis lupus arabs,20-30. ,25-30.
captive,61,26.91257,Canis lupus pallipes,20-30. ,25-30.
captive,64,26.91257,Canis lupus pallipes,20-30. ,25-30.
wild ,140,29.187506,Middle East,20-30. ,25-30.
wild ,162,30.50946,Middle East,30-40. ,30-35.
wild ,165,31.555701,Middle East,30-40. ,30-35.
captive,61,32.04548,Canis lupus arabs,30-40. ,30-35.
captive,120,32.04548,Canis lupus arabs,30-40. ,30-35.
captive,120,32.04548,Canis lupus arabs,30-40. ,30-35.
captive,121,32.04548,Canis lupus arabs,30-40. ,30-35.
captive,123,32.04548,Canis lupus arabs,30-40. ,30-35.
captive,138,32.04548,Canis lupus arabs,30-40. ,30-35.
captive,142,32.04548,Canis lupus arabs,30-40. ,30-35.
captive,144,32.04548,Canis lupus arabs,30-40. ,30-35.
captive,147,32.04548,Canis lupus arabs,30-40. ,30-35.
captive,147,32.04548,Canis lupus arabs,30-40. ,30-35.
captive,149,32.04548,Canis lupus arabs,30-40. ,30-35.
captive,153,32.04548,Canis lupus arabs,30-40. ,30-35.
captive,61,32.11153,Canis lupus arabs,30-40. ,30-35.
wild ,196,32.763177,Tibetan,30-40. ,30-35.
wild ,198,33.512214,Middle East,30-40. ,30-35.
wild ,184,33.524931,Middle East,30-40. ,30-35.
wild ,190,33.546567,Middle East,30-40. ,30-35.
wild ,192,33.549263,Middle East,30-40. ,30-35.
wild ,193,33.589575,Middle East,30-40. ,30-35.
wild ,160,34.099086,Tibetan,30-40. ,30-35.
captive,178,34.22351,Canis lupus lupus,30-40. ,30-35.
captive,181,34.22351,Canis lupus lupus,30-40. ,30-35.
wild ,204,34.228376,Tibetan,30-40. ,30-35.
wild ,198,34.678053,Middle East,30-40. ,30-35.
wild ,189,35.227134,Middle East,30-40. ,35-40.
wild ,151,35.251073,Middle East,30-40. ,35-40.
wild ,132,35.267439,Middle East,30-40. ,35-40.
wild ,211,35.326401,Middle East,30-40. ,35-40.
captive,141,35.64953,Canis lupus lupus,30-40. ,35-40.
captive,167,35.64953,Canis lupus lupus,30-40. ,35-40.
captive,178,35.64953,Canis lupus lupus,30-40. ,35-40.
captive,184,35.64953,Canis lupus lupus,30-40. ,35-40.
captive,193,35.64953,Canis lupus lupus,30-40. ,35-40.
captive,201,35.64953,Canis lupus lupus,30-40. ,35-40.
wild ,139,36.097772,Middle East,30-40. ,35-40.
wild ,196,36.237397,Middle East,30-40. ,35-40.
wild ,221,36.278128,Middle East,30-40. ,35-40.
wild ,179,36.293595,Middle East,30-40. ,35-40.
wild ,151,36.474152,Middle East,30-40. ,35-40.
wild ,181,36.635752,Middle East,30-40. ,35-40.
captive,208,36.68901,Canis lupus signatus,30-40. ,35-40.
captive,208,36.68901,Canis lupus signatus,30-40. ,35-40.
wild ,121,36.70919,Middle East,30-40. ,35-40.
captive,192,36.81825,Canis lupus signatus,30-40. ,35-40.
wild ,189,37.036058,Middle East,30-40. ,35-40.
wild ,221,37.622918,Middle East,30-40. ,35-40.
captive,197,37.87025,Canis lupus signatus,30-40. ,35-40.
captive,207,38.01077,Canis lupus signatus,30-40. ,35-40.
captive,181,38.27597,Canis lupus signatus,30-40. ,35-40.
wild ,156,38.299245,Middle East,30-40. ,35-40.
captive,165,38.51581,Canis lupus pallipes,30-40. ,35-40.
captive,166,38.51581,Canis lupus pallipes,30-40. ,35-40.
captive,168,38.51581,Canis lupus pallipes,30-40. ,35-40.
captive,171,38.51581,Canis lupus pallipes,30-40. ,35-40.
captive,172,38.51581,Canis lupus pallipes,30-40. ,35-40.
captive,175,38.51581,Canis lupus pallipes,30-40. ,35-40.
captive,176,38.51581,Canis lupus pallipes,30-40. ,35-40.
captive,177,38.51581,Canis lupus pallipes,30-40. ,35-40.
captive,181,38.51581,Canis lupus pallipes,30-40. ,35-40.
captive,12,38.51581,Canis lupus pallipes,30-40. ,35-40.
captive,13,38.51581,Canis lupus pallipes,30-40. ,35-40.
wild ,213,38.664927,Middle East,30-40. ,35-40.
captive,162,38.74307,Canis lupus signatus,30-40. ,35-40.
captive,208,38.74307,Canis lupus signatus,30-40. ,35-40.
captive,211,38.74307,Canis lupus signatus,30-40. ,35-40.
captive,222,38.74307,Canis lupus signatus,30-40. ,35-40.
captive,263,38.74307,Canis lupus signatus,30-40. ,35-40.
captive,348,39.522,Canis lupus pallipes,30-40. ,35-40.
captive,182,40.40944,Canis lupus signatus,40-50.,40-45. 
captive,208,40.40944,Canis lupus signatus,40-50.,40-45. 
captive,213,40.40944,Canis lupus signatus,40-50.,40-45. 
captive,217,40.40944,Canis lupus signatus,40-50.,40-45. 
captive,219,40.40944,Canis lupus signatus,40-50.,40-45. 
captive,219,40.40944,Canis lupus signatus,40-50.,40-45. 
captive,234,40.40944,Canis lupus signatus,40-50.,40-45. 
captive,194,40.60771,Canis lupus signatus,40-50.,40-45. 
captive,205,40.60771,Canis lupus signatus,40-50.,40-45. 
captive,211,40.60771,Canis lupus signatus,40-50.,40-45. 
captive,219,40.60771,Canis lupus signatus,40-50.,40-45. 
captive,220,40.60771,Canis lupus signatus,40-50.,40-45. 
captive,221,40.60771,Canis lupus signatus,40-50.,40-45. 
captive,221,40.60771,Canis lupus signatus,40-50.,40-45. 
captive,223,40.60771,Canis lupus signatus,40-50.,40-45. 
captive,233,40.60771,Canis lupus signatus,40-50.,40-45. 
captive,178,40.77725,Canis lupus pallipes,40-50.,40-45. 
captive,202,41.38427,Canis lupus signatus,40-50.,40-45. 
captive,210,41.38427,Canis lupus signatus,40-50.,40-45. 
captive,223,41.38427,Canis lupus signatus,40-50.,40-45. 
captive,262,41.38427,Canis lupus signatus,40-50.,40-45. 
captive,204,41.41189,Canis lupus signatus,40-50.,40-45. 
wild ,203,41.912064,Iberian,40-50.,40-45. 
wild ,209,41.912064,Iberian,40-50.,40-45. 
wild ,208,41.912064,Iberian,40-50.,40-45. 
captive,170,41.91698,Canis lupus lupus,40-50.,40-45. 
captive,172,41.91698,Canis lupus lupus,40-50.,40-45. 
captive,365,41.91698,Canis lupus lupus,40-50.,40-45. 
captive,213,42.37045,Canis lupus lupus,40-50.,40-45. 
wild ,197,42.56666667,Iberian,40-50.,40-45. 
wild ,194,43,Iberian,40-50.,40-45. 
captive,165,43.01538,Canis lupus lupus,40-50.,40-45. 
captive,173,43.01538,Canis lupus lupus,40-50.,40-45. 
captive,173,43.01538,Canis lupus lupus,40-50.,40-45. 
captive,175,43.01538,Canis lupus lupus,40-50.,40-45. 
captive,181,43.01538,Canis lupus lupus,40-50.,40-45. 
captive,184,43.01538,Canis lupus lupus,40-50.,40-45. 
captive,200,43.01538,Canis lupus lupus,40-50.,40-45. 
wild ,195,43.1,Iberian,40-50.,40-45. 
wild ,202,43.1,Iberian,40-50.,40-45. 
wild ,194,43.13333333,Iberian,40-50.,40-45. 
wild ,189,43.15,Iberian,40-50.,40-45. 
wild ,200,43.183333,Iberian,40-50.,40-45. 
wild ,202,43.18333333,Iberian,40-50.,40-45. 
wild ,212,43.187722,Iberian,40-50.,40-45. 
wild ,207,43.2,Iberian,40-50.,40-45. 
wild ,209,43.23333333,Iberian,40-50.,40-45. 
wild ,207,43.25,Iberian,40-50.,40-45. 
wild ,195,43.25,Iberian,40-50.,40-45. 
wild ,195,43.25,Iberian,40-50.,40-45. 
wild ,192,43.25,Iberian,40-50.,40-45. 
captive,188,43.26035,Canis lupus signatus,40-50.,40-45. 
wild ,203,43.26666667,Iberian,40-50.,40-45. 
wild ,64,43.33333333,Iberian,40-50.,40-45. 
wild ,206,43.3,Iberian,40-50.,40-45. 
wild ,210,43.31666667,Iberian,40-50.,40-45. 
wild ,209,43.31666667,Iberian,40-50.,40-45. 
wild ,186,43.33333333,Iberian,40-50.,40-45. 
captive,160,43.34194,Canis lupus signatus,40-50.,40-45. 
captive,212,43.34194,Canis lupus signatus,40-50.,40-45. 
captive,257,43.34194,Canis lupus signatus,40-50.,40-45. 
wild ,197,43.349828,Iberian,40-50.,40-45. 
wild ,203,43.38333333,Iberian,40-50.,40-45. 
captive,224,43.38733,Canis lupus signatus,40-50.,40-45. 
captive,227,43.38733,Canis lupus signatus,40-50.,40-45. 
wild ,210,43.391736,Iberian,40-50.,40-45. 
wild ,201,43.440081,Iberian,40-50.,40-45. 
wild ,196,43.46666667,Iberian,40-50.,40-45. 
captive,211,43.60843,Canis lupus lupus,40-50.,40-45. 
captive,213,43.60843,Canis lupus lupus,40-50.,40-45. 
captive,216,43.60843,Canis lupus lupus,40-50.,40-45. 
captive,219,43.60843,Canis lupus lupus,40-50.,40-45. 
captive,224,43.60843,Canis lupus lupus,40-50.,40-45. 
captive,231,43.60843,Canis lupus lupus,40-50.,40-45. 
captive,210,43.63962,Canis lupus signatus,40-50.,40-45. 
captive,211,43.63962,Canis lupus signatus,40-50.,40-45. 
captive,241,43.92753,Canis lupus lupus,40-50.,40-45. 
captive,242,43.92753,Canis lupus lupus,40-50.,40-45. 
captive,254,43.92753,Canis lupus lupus,40-50.,40-45. 
captive,181,44.11321,Canis lupus lupus,40-50.,40-45. 
captive,185,44.25894,Canis lupus lupus,40-50.,40-45. 
captive,190,44.25894,Canis lupus lupus,40-50.,40-45. 
captive,193,44.25894,Canis lupus lupus,40-50.,40-45. 
captive,198,44.25894,Canis lupus lupus,40-50.,40-45. 
captive,167,44.76143,Canis lupus lupus,40-50.,40-45. 
captive,171,44.76143,Canis lupus lupus,40-50.,40-45. 
captive,172,44.76143,Canis lupus lupus,40-50.,40-45. 
captive,174,44.76143,Canis lupus lupus,40-50.,40-45. 
captive,174,44.76143,Canis lupus lupus,40-50.,40-45. 
captive,176,44.76143,Canis lupus lupus,40-50.,40-45. 
captive,176,44.76143,Canis lupus lupus,40-50.,40-45. 
captive,175,45.28001,Canis lupus lupus,40-50.,45-50.
captive,180,45.28001,Canis lupus lupus,40-50.,45-50.
captive,182,45.28001,Canis lupus lupus,40-50.,45-50.
captive,183,45.28001,Canis lupus lupus,40-50.,45-50.
captive,188,45.28001,Canis lupus lupus,40-50.,45-50.
captive,189,45.28001,Canis lupus lupus,40-50.,45-50.
captive,189,45.28001,Canis lupus lupus,40-50.,45-50.
captive,190,45.28001,Canis lupus lupus,40-50.,45-50.
captive,165,45.40316,Canis lupus lupus,40-50.,45-50.
captive,172,45.40316,Canis lupus lupus,40-50.,45-50.
captive,173,45.40316,Canis lupus lupus,40-50.,45-50.
captive,177,45.40316,Canis lupus lupus,40-50.,45-50.
captive,177,45.40316,Canis lupus lupus,40-50.,45-50.
captive,186,45.40316,Canis lupus lupus,40-50.,45-50.
captive,213,45.40316,Canis lupus lupus,40-50.,45-50.
captive,180,45.67268,Canis lupus lupus,40-50.,45-50.
captive,186,45.67268,Canis lupus lupus,40-50.,45-50.
captive,196,45.67268,Canis lupus lupus,40-50.,45-50.
captive,198,45.67268,Canis lupus lupus,40-50.,45-50.
captive,178,45.75449,Canis lupus lupus,40-50.,45-50.
captive,188,45.75449,Canis lupus lupus,40-50.,45-50.
captive,190,45.75449,Canis lupus lupus,40-50.,45-50.
captive,194,45.75449,Canis lupus lupus,40-50.,45-50.
captive,152,46.10067,Canis lupus lupus,40-50.,45-50.
captive,190,46.1269,Canis lupus lupus,40-50.,45-50.
captive,196,46.1269,Canis lupus lupus,40-50.,45-50.
captive,200,46.1269,Canis lupus lupus,40-50.,45-50.
captive,214,46.14751,Canis lupus lupus,40-50.,45-50.
captive,182,46.1809,Canis lupus lupus,40-50.,45-50.
captive,193,46.1809,Canis lupus lupus,40-50.,45-50.
captive,193,46.1809,Canis lupus lupus,40-50.,45-50.
captive,183,46.816,Canis lupus lupus,40-50.,45-50.
captive,195,46.816,Canis lupus lupus,40-50.,45-50.
captive,200,46.816,Canis lupus lupus,40-50.,45-50.
captive,207,46.816,Canis lupus lupus,40-50.,45-50.
captive,208,46.816,Canis lupus lupus,40-50.,45-50.
captive,226,46.816,Canis lupus lupus,40-50.,45-50.
captive,9,46.816,Canis lupus lupus,40-50.,45-50.
captive,181,46.91574,Canis lupus lupus,40-50.,45-50.
captive,181,46.91574,Canis lupus lupus,40-50.,45-50.
captive,182,46.91574,Canis lupus lupus,40-50.,45-50.
captive,182,46.91574,Canis lupus lupus,40-50.,45-50.
captive,183,46.91574,Canis lupus lupus,40-50.,45-50.
captive,184,46.91574,Canis lupus lupus,40-50.,45-50.
captive,189,46.91574,Canis lupus lupus,40-50.,45-50.
captive,189,46.91574,Canis lupus lupus,40-50.,45-50.
captive,190,46.91574,Canis lupus lupus,40-50.,45-50.
captive,190,46.91574,Canis lupus lupus,40-50.,45-50.
captive,190,46.91574,Canis lupus lupus,40-50.,45-50.
captive,195,46.91574,Canis lupus lupus,40-50.,45-50.
captive,200,46.91574,Canis lupus lupus,40-50.,45-50.
captive,206,46.91574,Canis lupus lupus,40-50.,45-50.
captive,210,46.91574,Canis lupus lupus,40-50.,45-50.
captive,213,46.91574,Canis lupus lupus,40-50.,45-50.
captive,214,46.91574,Canis lupus lupus,40-50.,45-50.
captive,216,46.91574,Canis lupus lupus,40-50.,45-50.
captive,167,46.93378,Canis lupus lupus,40-50.,45-50.
captive,171,46.93378,Canis lupus lupus,40-50.,45-50.
captive,173,46.93378,Canis lupus lupus,40-50.,45-50.
captive,174,46.93378,Canis lupus lupus,40-50.,45-50.
captive,177,46.93378,Canis lupus lupus,40-50.,45-50.
captive,178,46.93378,Canis lupus lupus,40-50.,45-50.
captive,178,46.93378,Canis lupus lupus,40-50.,45-50.
captive,181,46.93378,Canis lupus lupus,40-50.,45-50.
captive,192,46.93378,Canis lupus lupus,40-50.,45-50.
captive,194,46.93378,Canis lupus lupus,40-50.,45-50.
captive,179,46.95533,Canis lupus lupus,40-50.,45-50.
captive,181,46.97503,Canis lupus lupus,40-50.,45-50.
captive,133,47.09709,Canis lupus signatus,40-50.,45-50.
captive,212,47.09709,Canis lupus signatus,40-50.,45-50.
captive,213,47.09709,Canis lupus signatus,40-50.,45-50.
captive,203,47.10608,Canis lupus lupus,40-50.,45-50.
captive,165,47.24678,Canis lupus lupus,40-50.,45-50.
captive,158,47.2476,Canis lupus pallipes,40-50.,45-50.
captive,181,47.28121,Canis lupus lupus,40-50.,45-50.
captive,199,47.28121,Canis lupus lupus,40-50.,45-50.
captive,166,47.29251,Canis lupus lupus,40-50.,45-50.
captive,172,47.29251,Canis lupus lupus,40-50.,45-50.
captive,174,47.29251,Canis lupus lupus,40-50.,45-50.
captive,175,47.29251,Canis lupus lupus,40-50.,45-50.
captive,193,47.29251,Canis lupus lupus,40-50.,45-50.
captive,125,47.3,Canis lupus lupus,40-50.,45-50.
captive,152,47.51952,Canis lupus pallipes,40-50.,45-50.
captive,177,47.51952,Canis lupus pallipes,40-50.,45-50.
captive,170,47.75684,Canis lupus lupus,40-50.,45-50.
captive,182,47.75684,Canis lupus lupus,40-50.,45-50.
captive,198,47.75684,Canis lupus lupus,40-50.,45-50.
captive,200,47.75684,Canis lupus lupus,40-50.,45-50.
captive,200,47.75684,Canis lupus lupus,40-50.,45-50.
captive,120,48.10284,Canis lupus lupus,40-50.,45-50.
captive,190,48.10284,Canis lupus lupus,40-50.,45-50.
captive,191,48.10284,Canis lupus lupus,40-50.,45-50.
captive,201,48.10284,Canis lupus lupus,40-50.,45-50.
captive,206,48.10284,Canis lupus lupus,40-50.,45-50.
captive,195,48.124,Canis lupus lupus,40-50.,45-50.
captive,193,48.16392,Canis lupus lupus,40-50.,45-50.
wild ,154,48.3191994,NorthAmerica,40-50.,45-50.
wild ,163,48.3264524,NorthAmerica,40-50.,45-50.
wild ,180,48.374847,NorthAmerica,40-50.,45-50.
wild ,162,48.4004563,NorthAmerica,40-50.,45-50.
wild ,157,48.4066462,NorthAmerica,40-50.,45-50.
wild ,162,48.4066462,NorthAmerica,40-50.,45-50.
wild ,167,48.4073962,NorthAmerica,40-50.,45-50.
wild ,161,48.4110465,NorthAmerica,40-50.,45-50.
wild ,159,48.4131055,NorthAmerica,40-50.,45-50.
captive,151,48.73785,Canis lupus lupus,40-50.,45-50.
captive,176,48.73785,Canis lupus lupus,40-50.,45-50.
captive,179,48.73785,Canis lupus lupus,40-50.,45-50.
captive,180,48.73785,Canis lupus lupus,40-50.,45-50.
captive,183,48.73785,Canis lupus lupus,40-50.,45-50.
captive,183,48.73785,Canis lupus lupus,40-50.,45-50.
captive,184,48.73785,Canis lupus lupus,40-50.,45-50.
captive,185,48.73785,Canis lupus lupus,40-50.,45-50.
captive,186,48.73785,Canis lupus lupus,40-50.,45-50.
captive,190,48.73785,Canis lupus lupus,40-50.,45-50.
captive,195,48.73785,Canis lupus lupus,40-50.,45-50.
captive,196,48.73785,Canis lupus lupus,40-50.,45-50.
captive,201,48.73785,Canis lupus lupus,40-50.,45-50.
captive,205,48.73785,Canis lupus lupus,40-50.,45-50.
captive,206,48.73785,Canis lupus lupus,40-50.,45-50.
captive,210,48.73785,Canis lupus lupus,40-50.,45-50.
captive,196,48.77461,Canis lupus lupus,40-50.,45-50.
captive,201,48.84412,Canis lupus lupus,40-50.,45-50.
captive,165,48.8822,Canis lupus lupus,40-50.,45-50.
captive,139,49.05225,Canis lupus lupus,40-50.,45-50.
captive,181,49.05225,Canis lupus lupus,40-50.,45-50.
captive,196,49.05225,Canis lupus lupus,40-50.,45-50.
captive,215,49.05225,Canis lupus lupus,40-50.,45-50.
captive,353,49.05225,Canis lupus lupus,40-50.,45-50.
captive,182,49.142122,Canis lupus signatus,40-50.,45-50.
captive,186,49.142122,Canis lupus signatus,40-50.,45-50.
captive,216,49.142122,Canis lupus signatus,40-50.,45-50.
captive,174,49.16997,Canis lupus lupus,40-50.,45-50.
captive,184,49.16997,Canis lupus lupus,40-50.,45-50.
captive,184,49.16997,Canis lupus lupus,40-50.,45-50.
captive,187,49.16997,Canis lupus lupus,40-50.,45-50.
captive,186,49.24649,Canis lupus lupus,40-50.,45-50.
captive,202,49.35095,Canis lupus lupus,40-50.,45-50.
captive,233,49.63667,Canis lupus lupus,40-50.,45-50.
captive,190,49.63667,Canis lupus signatus,40-50.,45-50.
captive,211,49.63667,Canis lupus signatus,40-50.,45-50.
captive,218,49.63667,Canis lupus signatus,40-50.,45-50.
captive,180,49.744987,Canis lupus lupus,40-50.,45-50.
captive,182,49.744987,Canis lupus lupus,40-50.,45-50.
captive,183,49.744987,Canis lupus lupus,40-50.,45-50.
captive,189,49.744987,Canis lupus lupus,40-50.,45-50.
captive,194,49.744987,Canis lupus lupus,40-50.,45-50.
captive,195,49.744987,Canis lupus lupus,40-50.,45-50.
captive,197,49.744987,Canis lupus lupus,40-50.,45-50.
captive,202,49.744987,Canis lupus lupus,40-50.,45-50.
captive,212,49.744987,Canis lupus lupus,40-50.,45-50.
captive,195,49.79422,Canis lupus lupus,40-50.,45-50.
captive,200,49.79422,Canis lupus lupus,40-50.,45-50.
captive,155,49.896,Canis lupus lupus,40-50.,45-50.
captive,196,49.95957,Canis lupus lupus,40-50.,45-50.
captive,191,50.05871,Canis lupus lupus,50-60. ,50-55. 
captive,205,50.05871,Canis lupus lupus,50-60. ,50-55. 
captive,194,50.10342,Canis lupus lupus,50-60. ,50-55. 
captive,226,50.10342,Canis lupus lupus,50-60. ,50-55. 
captive,175,50.11619,Canis lupus lupus,50-60. ,50-55. 
captive,182,50.11619,Canis lupus lupus,50-60. ,50-55. 
captive,183,50.11619,Canis lupus lupus,50-60. ,50-55. 
captive,184,50.11619,Canis lupus lupus,50-60. ,50-55. 
captive,189,50.11619,Canis lupus lupus,50-60. ,50-55. 
captive,190,50.11619,Canis lupus lupus,50-60. ,50-55. 
captive,192,50.11619,Canis lupus lupus,50-60. ,50-55. 
captive,199,50.11619,Canis lupus lupus,50-60. ,50-55. 
captive,182,50.43445,Canis lupus lupus,50-60. ,50-55. 
captive,184,50.43445,Canis lupus lupus,50-60. ,50-55. 
captive,184,50.43445,Canis lupus lupus,50-60. ,50-55. 
captive,161,50.61047,Canis lupus lupus,50-60. ,50-55. 
captive,171,50.7148,Canis lupus lupus,50-60. ,50-55. 
captive,202,50.7148,Canis lupus lupus,50-60. ,50-55. 
captive,211,50.7148,Canis lupus lupus,50-60. ,50-55. 
captive,228,50.7148,Canis lupus lupus,50-60. ,50-55. 
captive,246,50.7148,Canis lupus lupus,50-60. ,50-55. 
captive,277,50.7148,Canis lupus lupus,50-60. ,50-55. 
captive,190,50.81704,Canis lupus lupus,50-60. ,50-55. 
captive,225,50.85983,Canis lupus signatus,50-60. ,50-55. 
captive,227,50.85983,Canis lupus signatus,50-60. ,50-55. 
captive,236,50.85983,Canis lupus signatus,50-60. ,50-55. 
captive,196,50.94172,Canis lupus lupus,50-60. ,50-55. 
captive,199,50.94172,Canis lupus lupus,50-60. ,50-55. 
captive,155,50.95955,Canis lupus pallipes,50-60. ,50-55. 
captive,155,50.95955,Canis lupus pallipes,50-60. ,50-55. 
captive,157,50.95955,Canis lupus pallipes,50-60. ,50-55. 
captive,158,50.95955,Canis lupus pallipes,50-60. ,50-55. 
captive,160,50.95955,Canis lupus pallipes,50-60. ,50-55. 
captive,160,50.95955,Canis lupus pallipes,50-60. ,50-55. 
captive,165,50.95955,Canis lupus pallipes,50-60. ,50-55. 
captive,166,50.95955,Canis lupus pallipes,50-60. ,50-55. 
captive,167,50.95955,Canis lupus pallipes,50-60. ,50-55. 
captive,171,50.95955,Canis lupus pallipes,50-60. ,50-55. 
captive,184,50.95955,Canis lupus pallipes,50-60. ,50-55. 
captive,243,50.964,Canis lupus lupus,50-60. ,50-55. 
captive,218,51.07759,Canis lupus signatus,50-60. ,50-55. 
captive,220,51.07759,Canis lupus signatus,50-60. ,50-55. 
captive,221,51.07759,Canis lupus signatus,50-60. ,50-55. 
captive,210,51.1069,Canis lupus lupus,50-60. ,50-55. 
captive,194,51.18732,Canis lupus lupus,50-60. ,50-55. 
captive,199,51.18732,Canis lupus lupus,50-60. ,50-55. 
captive,170,51.19941,Canis lupus lupus,50-60. ,50-55. 
captive,171,51.19941,Canis lupus lupus,50-60. ,50-55. 
captive,176,51.27847,Canis lupus lupus,50-60. ,50-55. 
captive,175,51.33135,Canis lupus lupus,50-60. ,50-55. 
captive,184,51.33135,Canis lupus lupus,50-60. ,50-55. 
captive,187,51.33135,Canis lupus lupus,50-60. ,50-55. 
captive,195,51.33135,Canis lupus lupus,50-60. ,50-55. 
captive,198,51.33135,Canis lupus lupus,50-60. ,50-55. 
captive,186,51.45356,Canis lupus lupus,50-60. ,50-55. 
captive,193,51.45356,Canis lupus lupus,50-60. ,50-55. 
captive,196,51.45356,Canis lupus lupus,50-60. ,50-55. 
captive,200,51.45356,Canis lupus lupus,50-60. ,50-55. 
captive,205,51.45356,Canis lupus lupus,50-60. ,50-55. 
captive,184,51.47618,Canis lupus lupus,50-60. ,50-55. 
captive,198,51.83262,Canis lupus lupus,50-60. ,50-55. 
captive,194,51.91438,Canis lupus lupus,50-60. ,50-55. 
captive,199,51.91438,Canis lupus lupus,50-60. ,50-55. 
captive,201,51.91438,Canis lupus lupus,50-60. ,50-55. 
captive,208,51.91438,Canis lupus lupus,50-60. ,50-55. 
captive,184,51.94739,Canis lupus lupus,50-60. ,50-55. 
captive,187,51.94739,Canis lupus lupus,50-60. ,50-55. 
captive,191,51.94739,Canis lupus lupus,50-60. ,50-55. 
captive,197,51.94739,Canis lupus lupus,50-60. ,50-55. 
captive,206,51.94739,Canis lupus signatus,50-60. ,50-55. 
captive,209,51.94739,Canis lupus signatus,50-60. ,50-55. 
captive,210,51.94739,Canis lupus signatus,50-60. ,50-55. 
captive,174,51.96172,Canis lupus lupus,50-60. ,50-55. 
captive,218,52.00466,Canis lupus signatus,50-60. ,50-55. 
captive,224,52.00466,Canis lupus signatus,50-60. ,50-55. 
captive,203,52.00669,Canis lupus lupus,50-60. ,50-55. 
captive,212,52.00669,Canis lupus lupus,50-60. ,50-55. 
captive,113,52.15178,Canis lupus lupus,50-60. ,50-55. 
captive,167,52.15178,Canis lupus lupus,50-60. ,50-55. 
captive,190,52.15178,Canis lupus lupus,50-60. ,50-55. 
captive,146,52.158,Canis lupus lupus,50-60. ,50-55. 
captive,40,52.158,Canis lupus lupus,50-60. ,50-55. 
captive,181,52.18822,Canis lupus lupus,50-60. ,50-55. 
captive,185,52.18822,Canis lupus lupus,50-60. ,50-55. 
captive,187,52.18822,Canis lupus lupus,50-60. ,50-55. 
captive,199,52.18822,Canis lupus lupus,50-60. ,50-55. 
captive,69,52.50264,Canis lupus lupus,50-60. ,50-55. 
captive,180,52.50264,Canis lupus lupus,50-60. ,50-55. 
captive,195,52.50264,Canis lupus lupus,50-60. ,50-55. 
captive,195,52.50264,Canis lupus lupus,50-60. ,50-55. 
captive,195,52.50264,Canis lupus lupus,50-60. ,50-55. 
captive,198,52.50264,Canis lupus lupus,50-60. ,50-55. 
captive,198,52.50264,Canis lupus lupus,50-60. ,50-55. 
captive,200,52.50264,Canis lupus lupus,50-60. ,50-55. 
captive,201,52.50264,Canis lupus lupus,50-60. ,50-55. 
captive,207,52.50264,Canis lupus lupus,50-60. ,50-55. 
captive,204,52.59943,Canis lupus lupus,50-60. ,50-55. 
wild ,180,52.75,Europe,50-60. ,50-55. 
wild ,179,52.75,Europe,50-60. ,50-55. 
wild ,184,52.75,Europe,50-60. ,50-55. 
wild ,183,52.75,Europe,50-60. ,50-55. 
wild ,172,52.75,Europe,50-60. ,50-55. 
wild ,183,52.75,Europe,50-60. ,50-55. 
wild ,185,52.75,Europe,50-60. ,50-55. 
wild ,187,52.75,Europe,50-60. ,50-55. 
wild ,188,52.75,Europe,50-60. ,50-55. 
wild ,191,52.75,Europe,50-60. ,50-55. 
captive,181,52.86258,Canis lupus lupus,50-60. ,50-55. 
captive,180,52.92048,Canis lupus lupus,50-60. ,50-55. 
captive,186,52.92048,Canis lupus lupus,50-60. ,50-55. 
wild ,201,52.9705483,NorthAmerica,50-60. ,50-55. 
wild ,182,52.9705483,NorthAmerica,50-60. ,50-55. 
wild ,179,52.9705483,NorthAmerica,50-60. ,50-55. 
wild ,162,52.9705483,NorthAmerica,50-60. ,50-55. 
wild ,178,52.9705483,NorthAmerica,50-60. ,50-55. 
wild ,180,52.9705483,NorthAmerica,50-60. ,50-55. 
wild ,166,52.9705483,NorthAmerica,50-60. ,50-55. 
wild ,166,52.9705483,NorthAmerica,50-60. ,50-55. 
wild ,184,52.9705483,NorthAmerica,50-60. ,50-55. 
wild ,171,52.9705483,NorthAmerica,50-60. ,50-55. 
wild ,175,52.9705483,NorthAmerica,50-60. ,50-55. 
wild ,193,52.9705483,NorthAmerica,50-60. ,50-55. 
wild ,190,52.9705483,NorthAmerica,50-60. ,50-55. 
wild ,179,52.9705483,NorthAmerica,50-60. ,50-55. 
wild ,169,52.9705483,NorthAmerica,50-60. ,50-55. 
wild ,182,52.9705483,NorthAmerica,50-60. ,50-55. 
wild ,160,52.9705483,NorthAmerica,50-60. ,50-55. 
wild ,174,52.9705483,NorthAmerica,50-60. ,50-55. 
wild ,173,52.9705483,NorthAmerica,50-60. ,50-55. 
wild ,155,52.9705483,NorthAmerica,50-60. ,50-55. 
wild ,167,52.9705483,NorthAmerica,50-60. ,50-55. 
wild ,149,52.9705483,NorthAmerica,50-60. ,50-55. 
wild ,168,52.9705483,NorthAmerica,50-60. ,50-55. 
wild ,181,52.9705483,NorthAmerica,50-60. ,50-55. 
wild ,184,52.9705483,NorthAmerica,50-60. ,50-55. 
wild ,177,52.9705483,NorthAmerica,50-60. ,50-55. 
wild ,167,52.9705483,NorthAmerica,50-60. ,50-55. 
wild ,178,52.9705483,NorthAmerica,50-60. ,50-55. 
wild ,174,52.9705483,NorthAmerica,50-60. ,50-55. 
wild ,176,52.9705483,NorthAmerica,50-60. ,50-55. 
wild ,177,52.9705483,NorthAmerica,50-60. ,50-55. 
wild ,174,52.9705483,NorthAmerica,50-60. ,50-55. 
wild ,181,52.9705483,NorthAmerica,50-60. ,50-55. 
wild ,167,52.9705483,NorthAmerica,50-60. ,50-55. 
wild ,156,52.9705483,NorthAmerica,50-60. ,50-55. 
wild ,170,52.9705483,NorthAmerica,50-60. ,50-55. 
wild ,173,52.9705483,NorthAmerica,50-60. ,50-55. 
wild ,178,52.9705483,NorthAmerica,50-60. ,50-55. 
wild ,179,52.9705483,NorthAmerica,50-60. ,50-55. 
wild ,169,52.9705483,NorthAmerica,50-60. ,50-55. 
captive,193,53.05965,Canis lupus lupus,50-60. ,50-55. 
captive,198,53.14608,Canis lupus lupus,50-60. ,50-55. 
captive,182,53.17522,Canis lupus lupus,50-60. ,50-55. 
captive,221,53.43549,Canis lupus signatus,50-60. ,50-55. 
captive,209,53.44197,Canis lupus lupus,50-60. ,50-55. 
captive,193,53.44273,Canis lupus lupus,50-60. ,50-55. 
captive,186,53.59031,Canis lupus lupus,50-60. ,50-55. 
captive,191,53.65,Canis lupus lupus,50-60. ,50-55. 
captive,215,53.81426,Canis lupus signatus,50-60. ,50-55. 
captive,222,53.81426,Canis lupus signatus,50-60. ,50-55. 
captive,182,53.94882,Canis lupus lupus,50-60. ,50-55. 
captive,197,53.94882,Canis lupus lupus,50-60. ,50-55. 
captive,196,54.08992,Canis lupus lupus,50-60. ,50-55. 
captive,165,54.40781,Canis lupus lupus,50-60. ,50-55. 
captive,170,54.40781,Canis lupus lupus,50-60. ,50-55. 
captive,171,54.40781,Canis lupus lupus,50-60. ,50-55. 
captive,177,54.40781,Canis lupus lupus,50-60. ,50-55. 
captive,185,54.40781,Canis lupus lupus,50-60. ,50-55. 
captive,186,54.40781,Canis lupus lupus,50-60. ,50-55. 
captive,187,54.40781,Canis lupus lupus,50-60. ,50-55. 
captive,191,54.40781,Canis lupus lupus,50-60. ,50-55. 
captive,192,54.40781,Canis lupus lupus,50-60. ,50-55. 
wild ,178,55.43,NorthAmerica,50-60. ,55-60.
captive,177,55.67194,Canis lupus lupus,50-60. ,55-60.
captive,190,55.67194,Canis lupus lupus,50-60. ,55-60.
captive,201,55.67194,Canis lupus lupus,50-60. ,55-60.
captive,204,55.67194,Canis lupus lupus,50-60. ,55-60.
wild ,172,55.75,NorthAmerica,50-60. ,55-60.
wild ,172,55.75,NorthAmerica,50-60. ,55-60.
wild ,190,55.76,NorthAmerica,50-60. ,55-60.
captive,127,55.76513,Canis lupus lupus,50-60. ,55-60.
captive,153,55.76513,Canis lupus lupus,50-60. ,55-60.
captive,160,55.76513,Canis lupus lupus,50-60. ,55-60.
captive,170,55.76513,Canis lupus lupus,50-60. ,55-60.
captive,175,55.76513,Canis lupus lupus,50-60. ,55-60.
captive,180,55.76513,Canis lupus lupus,50-60. ,55-60.
captive,188,55.76513,Canis lupus lupus,50-60. ,55-60.
captive,189,55.76513,Canis lupus lupus,50-60. ,55-60.
captive,202,55.76513,Canis lupus lupus,50-60. ,55-60.
captive,213,55.76513,Canis lupus lupus,50-60. ,55-60.
wild ,175,55.8598838,NorthAmerica,50-60. ,55-60.
wild ,154,55.8598838,NorthAmerica,50-60. ,55-60.
wild ,195,55.8598838,NorthAmerica,50-60. ,55-60.
wild ,191,55.8598838,NorthAmerica,50-60. ,55-60.
wild ,183,55.8598838,NorthAmerica,50-60. ,55-60.
wild ,173,55.8598838,NorthAmerica,50-60. ,55-60.
wild ,175,55.8598838,NorthAmerica,50-60. ,55-60.
wild ,165,55.8598838,NorthAmerica,50-60. ,55-60.
wild ,180,55.87,NorthAmerica,50-60. ,55-60.
captive,182,55.9632,Canis lupus lupus,50-60. ,55-60.
captive,182,55.9632,Canis lupus lupus,50-60. ,55-60.
captive,182,55.9632,Canis lupus lupus,50-60. ,55-60.
captive,190,55.9632,Canis lupus lupus,50-60. ,55-60.
captive,192,55.9632,Canis lupus lupus,50-60. ,55-60.
captive,192,55.9632,Canis lupus lupus,50-60. ,55-60.
captive,192,55.9632,Canis lupus lupus,50-60. ,55-60.
captive,199,55.9632,Canis lupus lupus,50-60. ,55-60.
captive,200,55.9632,Canis lupus lupus,50-60. ,55-60.
captive,208,55.9632,Canis lupus lupus,50-60. ,55-60.
captive,32,55.9632,Canis lupus lupus,50-60. ,55-60.
captive,120,55.97241,Canis lupus lupus,50-60. ,55-60.
captive,181,56.3078,Canis lupus lupus,50-60. ,55-60.
captive,185,56.48145,Canis lupus lupus,50-60. ,55-60.
captive,191,56.48145,Canis lupus lupus,50-60. ,55-60.
captive,197,57.00575,Canis lupus lupus,50-60. ,55-60.
captive,181,57.00675,Canis lupus lupus,50-60. ,55-60.
captive,186,57.00675,Canis lupus lupus,50-60. ,55-60.
captive,187,57.00675,Canis lupus lupus,50-60. ,55-60.
captive,187,57.00675,Canis lupus lupus,50-60. ,55-60.
captive,192,57.00675,Canis lupus lupus,50-60. ,55-60.
captive,192,57.00675,Canis lupus lupus,50-60. ,55-60.
captive,196,57.00675,Canis lupus lupus,50-60. ,55-60.
captive,196,57.00675,Canis lupus lupus,50-60. ,55-60.
captive,197,57.00675,Canis lupus lupus,50-60. ,55-60.
captive,199,57.00675,Canis lupus lupus,50-60. ,55-60.
captive,201,57.00675,Canis lupus lupus,50-60. ,55-60.
captive,205,57.00675,Canis lupus lupus,50-60. ,55-60.
captive,206,57.00675,Canis lupus lupus,50-60. ,55-60.
captive,180,57.03833,Canis lupus lupus,50-60. ,55-60.
captive,181,57.03833,Canis lupus lupus,50-60. ,55-60.
captive,185,57.03833,Canis lupus lupus,50-60. ,55-60.
captive,199,57.03833,Canis lupus lupus,50-60. ,55-60.
captive,207,57.03833,Canis lupus lupus,50-60. ,55-60.
captive,208,57.03833,Canis lupus lupus,50-60. ,55-60.
captive,194,57.10722,Canis lupus lupus,50-60. ,55-60.
captive,195,57.10722,Canis lupus lupus,50-60. ,55-60.
captive,198,57.10722,Canis lupus lupus,50-60. ,55-60.
captive,201,57.10722,Canis lupus lupus,50-60. ,55-60.
captive,206,57.10722,Canis lupus lupus,50-60. ,55-60.
captive,214,57.10722,Canis lupus lupus,50-60. ,55-60.
captive,215,57.10722,Canis lupus lupus,50-60. ,55-60.
wild ,191,57.174,Europe,50-60. ,55-60.
captive,188,57.71781,Canis lupus lupus,50-60. ,55-60.
captive,193,57.71781,Canis lupus lupus,50-60. ,55-60.
captive,193,57.71781,Canis lupus lupus,50-60. ,55-60.
captive,195,57.71781,Canis lupus lupus,50-60. ,55-60.
captive,195,57.71781,Canis lupus lupus,50-60. ,55-60.
captive,196,57.71781,Canis lupus lupus,50-60. ,55-60.
captive,197,57.71781,Canis lupus lupus,50-60. ,55-60.
captive,198,57.71781,Canis lupus lupus,50-60. ,55-60.
captive,198,57.71781,Canis lupus lupus,50-60. ,55-60.
captive,199,57.71781,Canis lupus lupus,50-60. ,55-60.
captive,199,57.71781,Canis lupus lupus,50-60. ,55-60.
captive,200,57.71781,Canis lupus lupus,50-60. ,55-60.
captive,202,57.71781,Canis lupus lupus,50-60. ,55-60.
captive,202,57.71781,Canis lupus lupus,50-60. ,55-60.
captive,203,57.71781,Canis lupus lupus,50-60. ,55-60.
captive,204,57.71781,Canis lupus lupus,50-60. ,55-60.
captive,187,57.72103,Canis lupus lupus,50-60. ,55-60.
captive,190,57.72103,Canis lupus lupus,50-60. ,55-60.
captive,191,57.72103,Canis lupus lupus,50-60. ,55-60.
captive,196,57.72103,Canis lupus lupus,50-60. ,55-60.
captive,197,57.72103,Canis lupus lupus,50-60. ,55-60.
captive,198,57.72103,Canis lupus lupus,50-60. ,55-60.
captive,199,57.72103,Canis lupus lupus,50-60. ,55-60.
captive,199,57.72103,Canis lupus lupus,50-60. ,55-60.
captive,200,57.72103,Canis lupus lupus,50-60. ,55-60.
captive,200,57.72103,Canis lupus lupus,50-60. ,55-60.
captive,201,57.72103,Canis lupus lupus,50-60. ,55-60.
captive,201,57.72103,Canis lupus lupus,50-60. ,55-60.
captive,208,57.72103,Canis lupus lupus,50-60. ,55-60.
captive,212,57.72103,Canis lupus lupus,50-60. ,55-60.
captive,212,57.72103,Canis lupus lupus,50-60. ,55-60.
captive,212,57.72103,Canis lupus lupus,50-60. ,55-60.
captive,223,57.72103,Canis lupus lupus,50-60. ,55-60.
captive,224,57.72103,Canis lupus lupus,50-60. ,55-60.
captive,191,58.18249,Canis lupus lupus,50-60. ,55-60.
captive,193,58.18249,Canis lupus lupus,50-60. ,55-60.
captive,196,58.18249,Canis lupus lupus,50-60. ,55-60.
captive,200,58.18249,Canis lupus lupus,50-60. ,55-60.
captive,201,58.18249,Canis lupus lupus,50-60. ,55-60.
captive,201,58.18249,Canis lupus lupus,50-60. ,55-60.
captive,203,58.18249,Canis lupus lupus,50-60. ,55-60.
captive,284,58.18249,Canis lupus lupus,50-60. ,55-60.
captive,186,58.66514,Canis lupus lupus,50-60. ,55-60.
captive,189,58.66514,Canis lupus lupus,50-60. ,55-60.
captive,193,58.66514,Canis lupus lupus,50-60. ,55-60.
captive,195,58.66514,Canis lupus lupus,50-60. ,55-60.
captive,196,58.66514,Canis lupus lupus,50-60. ,55-60.
captive,196,58.66514,Canis lupus lupus,50-60. ,55-60.
captive,198,58.66514,Canis lupus lupus,50-60. ,55-60.
captive,198,58.66514,Canis lupus lupus,50-60. ,55-60.
captive,199,58.66514,Canis lupus lupus,50-60. ,55-60.
captive,200,58.66514,Canis lupus lupus,50-60. ,55-60.
captive,201,58.66514,Canis lupus lupus,50-60. ,55-60.
captive,201,58.66514,Canis lupus lupus,50-60. ,55-60.
captive,201,58.66514,Canis lupus lupus,50-60. ,55-60.
captive,202,58.66514,Canis lupus lupus,50-60. ,55-60.
captive,203,58.66514,Canis lupus lupus,50-60. ,55-60.
captive,207,58.66514,Canis lupus lupus,50-60. ,55-60.
captive,208,58.66514,Canis lupus lupus,50-60. ,55-60.
captive,214,58.66514,Canis lupus lupus,50-60. ,55-60.
captive,214,58.66514,Canis lupus lupus,50-60. ,55-60.
wild ,183,58.85,NorthAmerica,50-60. ,55-60.
wild ,184,58.91,NorthAmerica,50-60. ,55-60.
wild ,186,58.91,NorthAmerica,50-60. ,55-60.
captive,190,59.36235,Canis lupus lupus,50-60. ,55-60.
captive,194,59.36235,Canis lupus lupus,50-60. ,55-60.
captive,196,59.36235,Canis lupus lupus,50-60. ,55-60.
captive,197,59.36235,Canis lupus lupus,50-60. ,55-60.
captive,203,59.36235,Canis lupus lupus,50-60. ,55-60.
captive,204,59.36235,Canis lupus lupus,50-60. ,55-60.
captive,197,59.3653,Canis lupus lupus,50-60. ,55-60.
captive,197,59.42568,Canis lupus lupus,50-60. ,55-60.
wild ,178,59.536,Europe,50-60. ,55-60.
wild ,180,59.576,Europe,50-60. ,55-60.
wild ,175,59.593,Europe,50-60. ,55-60.
wild ,186,59.614,Europe,50-60. ,55-60.
wild ,179,59.844,Europe,50-60. ,55-60.
captive,123,59.95369,Canis lupus lupus,50-60. ,55-60.
captive,141,59.95369,Canis lupus lupus,50-60. ,55-60.
captive,144,59.95369,Canis lupus lupus,50-60. ,55-60.
captive,148,59.95369,Canis lupus lupus,50-60. ,55-60.
captive,152,59.95369,Canis lupus lupus,50-60. ,55-60.
captive,160,59.95369,Canis lupus lupus,50-60. ,55-60.
captive,167,59.95369,Canis lupus lupus,50-60. ,55-60.
captive,181,59.95369,Canis lupus lupus,50-60. ,55-60.
captive,184,59.95369,Canis lupus lupus,50-60. ,55-60.
wild ,179,59.955,Europe,50-60. ,55-60.
wild ,178,60.119,Europe,60-70.,60-65.
wild ,182,60.177,Europe,60-70.,60-65.
wild ,183,60.201,Europe,60-70.,60-65.
wild ,186,60.226,Europe,60-70.,60-65.
wild ,182,60.315,Europe,60-70.,60-65.
wild ,176,60.316,Europe,60-70.,60-65.
captive,103,60.44746,Canis lupus lupus,60-70.,60-65.
captive,185,60.44746,Canis lupus lupus,60-70.,60-65.
captive,188,60.44746,Canis lupus lupus,60-70.,60-65.
wild ,183,60.4952859,NorthAmerica,60-70.,60-65.
wild ,185,60.4952859,NorthAmerica,60-70.,60-65.
wild ,180,60.4952859,NorthAmerica,60-70.,60-65.
wild ,193,60.4952859,NorthAmerica,60-70.,60-65.
wild ,188,60.4952859,NorthAmerica,60-70.,60-65.
wild ,205,60.4952859,NorthAmerica,60-70.,60-65.
wild ,195,60.4952859,NorthAmerica,60-70.,60-65.
wild ,173,60.4952859,NorthAmerica,60-70.,60-65.
wild ,170,60.4952859,NorthAmerica,60-70.,60-65.
wild ,198,60.4952859,NorthAmerica,60-70.,60-65.
wild ,167,60.4952859,NorthAmerica,60-70.,60-65.
wild ,189,60.529,Europe,60-70.,60-65.
captive,212,60.856,Canis lupus lupus,60-70.,60-65.
wild ,167,60.8806033,NorthAmerica,60-70.,60-65.
wild ,186,60.8806033,NorthAmerica,60-70.,60-65.
wild ,168,60.8806033,NorthAmerica,60-70.,60-65.
wild ,188,60.8806033,NorthAmerica,60-70.,60-65.
wild ,193,60.8806033,NorthAmerica,60-70.,60-65.
wild ,186,60.8806033,NorthAmerica,60-70.,60-65.
wild ,183,60.8806033,NorthAmerica,60-70.,60-65.
wild ,184,60.987,Europe,60-70.,60-65.
captive,178,61.19333,Canis lupus lupus,60-70.,60-65.
captive,181,61.19333,Canis lupus lupus,60-70.,60-65.
captive,182,61.19333,Canis lupus lupus,60-70.,60-65.
captive,187,61.19333,Canis lupus lupus,60-70.,60-65.
captive,191,61.19333,Canis lupus lupus,60-70.,60-65.
captive,195,61.19333,Canis lupus lupus,60-70.,60-65.
captive,195,61.19333,Canis lupus lupus,60-70.,60-65.
captive,197,61.19333,Canis lupus lupus,60-70.,60-65.
captive,197,61.19333,Canis lupus lupus,60-70.,60-65.
captive,199,61.19333,Canis lupus lupus,60-70.,60-65.
captive,199,61.19333,Canis lupus lupus,60-70.,60-65.
captive,200,61.19333,Canis lupus lupus,60-70.,60-65.
captive,200,61.19333,Canis lupus lupus,60-70.,60-65.
captive,200,61.19333,Canis lupus lupus,60-70.,60-65.
captive,216,61.19333,Canis lupus lupus,60-70.,60-65.
wild ,178,61.371,Europe,60-70.,60-65.
wild ,193,61.418,Europe,60-70.,60-65.
wild ,178,61.424,Europe,60-70.,60-65.
wild ,193,61.451,Europe,60-70.,60-65.
wild ,194,61.457,Europe,60-70.,60-65.
wild ,188,61.533,Europe,60-70.,60-65.
wild ,187,61.572,Europe,60-70.,60-65.
wild ,176,61.584,Europe,60-70.,60-65.
wild ,192,61.662,Europe,60-70.,60-65.
captive,175,61.7202,Canis lupus lupus,60-70.,60-65.
captive,178,61.7202,Canis lupus lupus,60-70.,60-65.
captive,180,61.7202,Canis lupus lupus,60-70.,60-65.
captive,181,61.7202,Canis lupus lupus,60-70.,60-65.
captive,185,61.7202,Canis lupus lupus,60-70.,60-65.
captive,186,61.7202,Canis lupus lupus,60-70.,60-65.
captive,186,61.7202,Canis lupus lupus,60-70.,60-65.
captive,187,61.7202,Canis lupus lupus,60-70.,60-65.
captive,188,61.7202,Canis lupus lupus,60-70.,60-65.
captive,189,61.7202,Canis lupus lupus,60-70.,60-65.
captive,189,61.7202,Canis lupus lupus,60-70.,60-65.
captive,190,61.7202,Canis lupus lupus,60-70.,60-65.
captive,190,61.7202,Canis lupus lupus,60-70.,60-65.
captive,191,61.7202,Canis lupus lupus,60-70.,60-65.
captive,194,61.7202,Canis lupus lupus,60-70.,60-65.
captive,194,61.7202,Canis lupus lupus,60-70.,60-65.
captive,197,61.7202,Canis lupus lupus,60-70.,60-65.
captive,197,61.7202,Canis lupus lupus,60-70.,60-65.
captive,198,61.7202,Canis lupus lupus,60-70.,60-65.
captive,200,61.7202,Canis lupus lupus,60-70.,60-65.
captive,201,61.7202,Canis lupus lupus,60-70.,60-65.
captive,202,61.7202,Canis lupus lupus,60-70.,60-65.
captive,208,61.7202,Canis lupus lupus,60-70.,60-65.
captive,221,61.7202,Canis lupus lupus,60-70.,60-65.
wild ,201,61.756,Europe,60-70.,60-65.
wild ,197,62.408363,NorthAmerica,60-70.,60-65.
wild ,192,62.408363,NorthAmerica,60-70.,60-65.
wild ,201,62.408363,NorthAmerica,60-70.,60-65.
wild ,194,62.408363,NorthAmerica,60-70.,60-65.
wild ,158,62.408363,NorthAmerica,60-70.,60-65.
wild ,175,62.408363,NorthAmerica,60-70.,60-65.
wild ,191,62.408363,NorthAmerica,60-70.,60-65.
wild ,175,62.408363,NorthAmerica,60-70.,60-65.
wild ,184,62.408363,NorthAmerica,60-70.,60-65.
wild ,174,62.408363,NorthAmerica,60-70.,60-65.
captive,191,62.53499,Canis lupus lupus,60-70.,60-65.
captive,195,62.53499,Canis lupus lupus,60-70.,60-65.
captive,197,62.53499,Canis lupus lupus,60-70.,60-65.
captive,197,62.53499,Canis lupus lupus,60-70.,60-65.
captive,198,62.53499,Canis lupus lupus,60-70.,60-65.
captive,198,62.53499,Canis lupus lupus,60-70.,60-65.
captive,199,62.53499,Canis lupus lupus,60-70.,60-65.
captive,200,62.53499,Canis lupus lupus,60-70.,60-65.
captive,200,62.53499,Canis lupus lupus,60-70.,60-65.
captive,200,62.53499,Canis lupus lupus,60-70.,60-65.
captive,200,62.53499,Canis lupus lupus,60-70.,60-65.
captive,201,62.53499,Canis lupus lupus,60-70.,60-65.
captive,201,62.53499,Canis lupus lupus,60-70.,60-65.
captive,201,62.53499,Canis lupus lupus,60-70.,60-65.
captive,202,62.53499,Canis lupus lupus,60-70.,60-65.
captive,204,62.53499,Canis lupus lupus,60-70.,60-65.
captive,204,62.53499,Canis lupus lupus,60-70.,60-65.
captive,204,62.53499,Canis lupus lupus,60-70.,60-65.
captive,208,62.53499,Canis lupus lupus,60-70.,60-65.
captive,208,62.53499,Canis lupus lupus,60-70.,60-65.
captive,211,62.53499,Canis lupus lupus,60-70.,60-65.
captive,221,62.53499,Canis lupus lupus,60-70.,60-65.
wild ,189,63.6352304,NorthAmerica,60-70.,60-65.
wild ,157,63.6352304,NorthAmerica,60-70.,60-65.
wild ,191,63.6352304,NorthAmerica,60-70.,60-65.
wild ,199,63.6352304,NorthAmerica,60-70.,60-65.
wild ,185,63.6352304,NorthAmerica,60-70.,60-65.
wild ,166,63.6352304,NorthAmerica,60-70.,60-65.
wild ,183,63.6352304,NorthAmerica,60-70.,60-65.
wild ,195,63.6352304,NorthAmerica,60-70.,60-65.
wild ,198,63.6352304,NorthAmerica,60-70.,60-65.
wild ,168,63.6352304,NorthAmerica,60-70.,60-65.
wild ,195,63.6352304,NorthAmerica,60-70.,60-65.
wild ,195,63.6352304,NorthAmerica,60-70.,60-65.
wild ,185,63.6352304,NorthAmerica,60-70.,60-65.
wild ,189,63.6352304,NorthAmerica,60-70.,60-65.
wild ,198,63.6352304,NorthAmerica,60-70.,60-65.
wild ,189,63.6352304,NorthAmerica,60-70.,60-65.
wild ,181,63.6352304,NorthAmerica,60-70.,60-65.
wild ,157,63.6352304,NorthAmerica,60-70.,60-65.
wild ,140,63.6352304,NorthAmerica,60-70.,60-65.
wild ,195,63.6352304,NorthAmerica,60-70.,60-65.
wild ,187,63.6352304,NorthAmerica,60-70.,60-65.
wild ,184,63.6352304,NorthAmerica,60-70.,60-65.
wild ,187,63.6352304,NorthAmerica,60-70.,60-65.
wild ,132,63.6352304,NorthAmerica,60-70.,60-65.
wild ,183,63.6352304,NorthAmerica,60-70.,60-65.
wild ,199,63.6352304,NorthAmerica,60-70.,60-65.
wild ,197,63.6352304,NorthAmerica,60-70.,60-65.
wild ,193,63.6352304,NorthAmerica,60-70.,60-65.
wild ,174,63.6352304,NorthAmerica,60-70.,60-65.
wild ,182,63.6352304,NorthAmerica,60-70.,60-65.
wild ,201,63.6352304,NorthAmerica,60-70.,60-65.
wild ,175,63.6352304,NorthAmerica,60-70.,60-65.
wild ,181,63.6352304,NorthAmerica,60-70.,60-65.
wild ,186,63.6352304,NorthAmerica,60-70.,60-65.
wild ,199,63.6352304,NorthAmerica,60-70.,60-65.
wild ,195,63.6352304,NorthAmerica,60-70.,60-65.
wild ,190,63.6352304,NorthAmerica,60-70.,60-65.
wild ,155,63.6352304,NorthAmerica,60-70.,60-65.
wild ,141,63.6352304,NorthAmerica,60-70.,60-65.
wild ,165,63.6352304,NorthAmerica,60-70.,60-65.
wild ,184,63.6352304,NorthAmerica,60-70.,60-65.
wild ,197,63.6352304,NorthAmerica,60-70.,60-65.
wild ,191,63.6352304,NorthAmerica,60-70.,60-65.
wild ,202,63.6352304,NorthAmerica,60-70.,60-65.
wild ,193,63.6352304,NorthAmerica,60-70.,60-65.
wild ,196,63.6352304,NorthAmerica,60-70.,60-65.
wild ,187,63.6352304,NorthAmerica,60-70.,60-65.
wild ,180,63.6352304,NorthAmerica,60-70.,60-65.
wild ,187,63.6352304,NorthAmerica,60-70.,60-65.
wild ,146,63.6352304,NorthAmerica,60-70.,60-65.
wild ,178,63.6352304,NorthAmerica,60-70.,60-65.
wild ,198,63.6352304,NorthAmerica,60-70.,60-65.
wild ,194,63.6352304,NorthAmerica,60-70.,60-65.
wild ,186,63.6352304,NorthAmerica,60-70.,60-65.
wild ,194,63.6352304,NorthAmerica,60-70.,60-65.
wild ,186,63.6352304,NorthAmerica,60-70.,60-65.
wild ,178,63.6352304,NorthAmerica,60-70.,60-65.
wild ,186,63.6352304,NorthAmerica,60-70.,60-65.
wild ,220,63.6352304,NorthAmerica,60-70.,60-65.
wild ,194,63.6352304,NorthAmerica,60-70.,60-65.
wild ,168,63.6352304,NorthAmerica,60-70.,60-65.
wild ,182,63.6352304,NorthAmerica,60-70.,60-65.
wild ,177,63.6352304,NorthAmerica,60-70.,60-65.
wild ,178,63.6352304,NorthAmerica,60-70.,60-65.
wild ,153,63.6352304,NorthAmerica,60-70.,60-65.
wild ,187,63.6352304,NorthAmerica,60-70.,60-65.
wild ,172,63.6352304,NorthAmerica,60-70.,60-65.
wild ,179,63.6352304,NorthAmerica,60-70.,60-65.
wild ,179,63.6352304,NorthAmerica,60-70.,60-65.
wild ,200,63.6352304,NorthAmerica,60-70.,60-65.
wild ,184,63.6352304,NorthAmerica,60-70.,60-65.
wild ,197,63.6352304,NorthAmerica,60-70.,60-65.
wild ,190,63.6352304,NorthAmerica,60-70.,60-65.
wild ,190,63.6352304,NorthAmerica,60-70.,60-65.
wild ,198,63.6352304,NorthAmerica,60-70.,60-65.
wild ,195,63.6352304,NorthAmerica,60-70.,60-65.
wild ,193,63.6352304,NorthAmerica,60-70.,60-65.
wild ,188,63.6352304,NorthAmerica,60-70.,60-65.
wild ,187,63.6352304,NorthAmerica,60-70.,60-65.
wild ,201,63.6352304,NorthAmerica,60-70.,60-65.
wild ,191,63.6352304,NorthAmerica,60-70.,60-65.
wild ,193,63.6352304,NorthAmerica,60-70.,60-65.
wild ,208,63.6352304,NorthAmerica,60-70.,60-65.
wild ,197,63.6352304,NorthAmerica,60-70.,60-65.
wild ,192,63.6352304,NorthAmerica,60-70.,60-65.
captive,186,64.58456,Canis lupus lupus,60-70.,60-65.
captive,187,64.58456,Canis lupus lupus,60-70.,60-65.
captive,187,64.58456,Canis lupus lupus,60-70.,60-65.
captive,188,64.58456,Canis lupus lupus,60-70.,60-65.
captive,189,64.58456,Canis lupus lupus,60-70.,60-65.
captive,189,64.58456,Canis lupus lupus,60-70.,60-65.
captive,190,64.58456,Canis lupus lupus,60-70.,60-65.
captive,190,64.58456,Canis lupus lupus,60-70.,60-65.
captive,191,64.58456,Canis lupus lupus,60-70.,60-65.
captive,192,64.58456,Canis lupus lupus,60-70.,60-65.
captive,192,64.58456,Canis lupus lupus,60-70.,60-65.
captive,194,64.58456,Canis lupus lupus,60-70.,60-65.
captive,194,64.58456,Canis lupus lupus,60-70.,60-65.
captive,196,64.58456,Canis lupus lupus,60-70.,60-65.
captive,196,64.58456,Canis lupus lupus,60-70.,60-65.
captive,196,64.58456,Canis lupus lupus,60-70.,60-65.
captive,197,64.58456,Canis lupus lupus,60-70.,60-65.
captive,197,64.58456,Canis lupus lupus,60-70.,60-65.
captive,200,64.58456,Canis lupus lupus,60-70.,60-65.
captive,203,64.58456,Canis lupus lupus,60-70.,60-65.
captive,204,64.58456,Canis lupus lupus,60-70.,60-65.
captive,205,64.58456,Canis lupus lupus,60-70.,60-65.
captive,209,64.58456,Canis lupus lupus,60-70.,60-65.
captive,210,64.58456,Canis lupus lupus,60-70.,60-65.
captive,210,64.58456,Canis lupus lupus,60-70.,60-65.
captive,212,64.58456,Canis lupus lupus,60-70.,60-65.
captive,212,64.58456,Canis lupus lupus,60-70.,60-65.
captive,213,64.58456,Canis lupus lupus,60-70.,60-65.
captive,217,64.58456,Canis lupus lupus,60-70.,60-65.
captive,25,64.58456,Canis lupus lupus,60-70.,60-65.
captive,184,64.80941,Canis lupus lupus,60-70.,60-65.
captive,190,64.80941,Canis lupus lupus,60-70.,60-65.
captive,193,64.80941,Canis lupus lupus,60-70.,60-65.
captive,197,64.80941,Canis lupus lupus,60-70.,60-65.
captive,198,64.80941,Canis lupus lupus,60-70.,60-65.
wild ,197,65.046937,NorthAmerica,60-70.,65-70.
wild ,176,65.046937,NorthAmerica,60-70.,65-70.
wild ,189,65.046937,NorthAmerica,60-70.,65-70.
wild ,190,65.046937,NorthAmerica,60-70.,65-70.
wild ,194,65.046937,NorthAmerica,60-70.,65-70.
wild ,196,65.046937,NorthAmerica,60-70.,65-70.
wild ,201,65.046937,NorthAmerica,60-70.,65-70.
wild ,194,65.046937,NorthAmerica,60-70.,65-70.
wild ,189,65.046937,NorthAmerica,60-70.,65-70.
wild ,191,65.046937,NorthAmerica,60-70.,65-70.
wild ,188,65.046937,NorthAmerica,60-70.,65-70.
wild ,200,65.046937,NorthAmerica,60-70.,65-70.
wild ,191,65.046937,NorthAmerica,60-70.,65-70.
wild ,171,65.046937,NorthAmerica,60-70.,65-70.
wild ,199,65.046937,NorthAmerica,60-70.,65-70.
wild ,203,65.046937,NorthAmerica,60-70.,65-70.
wild ,199,65.046937,NorthAmerica,60-70.,65-70.
wild ,195,65.046937,NorthAmerica,60-70.,65-70.
wild ,195,65.046937,NorthAmerica,60-70.,65-70.
wild ,196,65.046937,NorthAmerica,60-70.,65-70.
wild ,188,65.046937,NorthAmerica,60-70.,65-70.
wild ,199,65.046937,NorthAmerica,60-70.,65-70.
wild ,185,65.046937,NorthAmerica,60-70.,65-70.
wild ,184,65.046937,NorthAmerica,60-70.,65-70.
wild ,188,65.046937,NorthAmerica,60-70.,65-70.
wild ,199,65.046937,NorthAmerica,60-70.,65-70.
wild ,190,65.046937,NorthAmerica,60-70.,65-70.
wild ,207,65.046937,NorthAmerica,60-70.,65-70.
wild ,187,65.046937,NorthAmerica,60-70.,65-70.
wild ,179,65.046937,NorthAmerica,60-70.,65-70.
wild ,187,65.046937,NorthAmerica,60-70.,65-70.
wild ,191,65.046937,NorthAmerica,60-70.,65-70.
wild ,180,65.046937,NorthAmerica,60-70.,65-70.
wild ,183,65.046937,NorthAmerica,60-70.,65-70.
wild ,190,65.046937,NorthAmerica,60-70.,65-70.
wild ,155,65.046937,NorthAmerica,60-70.,65-70.
wild ,197,65.046937,NorthAmerica,60-70.,65-70.
wild ,184,65.046937,NorthAmerica,60-70.,65-70.
wild ,188,65.046937,NorthAmerica,60-70.,65-70.
wild ,187,65.046937,NorthAmerica,60-70.,65-70.
wild ,190,65.046937,NorthAmerica,60-70.,65-70.
wild ,194,65.046937,NorthAmerica,60-70.,65-70.
wild ,193,65.046937,NorthAmerica,60-70.,65-70.
wild ,180,65.046937,NorthAmerica,60-70.,65-70.
wild ,183,65.046937,NorthAmerica,60-70.,65-70.
wild ,199,65.046937,NorthAmerica,60-70.,65-70.
wild ,188,65.046937,NorthAmerica,60-70.,65-70.
wild ,191,65.046937,NorthAmerica,60-70.,65-70.
wild ,187,65.046937,NorthAmerica,60-70.,65-70.
wild ,188,65.046937,NorthAmerica,60-70.,65-70.
wild ,201,65.046937,NorthAmerica,60-70.,65-70.
wild ,193,65.046937,NorthAmerica,60-70.,65-70.
wild ,189,65.046937,NorthAmerica,60-70.,65-70.
wild ,198,65.046937,NorthAmerica,60-70.,65-70.
wild ,185,65.046937,NorthAmerica,60-70.,65-70.
wild ,200,65.046937,NorthAmerica,60-70.,65-70.
wild ,186,65.046937,NorthAmerica,60-70.,65-70.
wild ,180,65.046937,NorthAmerica,60-70.,65-70.
wild ,184,65.046937,NorthAmerica,60-70.,65-70.
wild ,189,65.046937,NorthAmerica,60-70.,65-70.
wild ,184,65.046937,NorthAmerica,60-70.,65-70.
wild ,202,65.046937,NorthAmerica,60-70.,65-70.
wild ,192,65.046937,NorthAmerica,60-70.,65-70.
captive,186,65.9446,Canis lupus lupus,60-70.,65-70.
captive,187,65.9446,Canis lupus lupus,60-70.,65-70.
captive,188,65.9446,Canis lupus lupus,60-70.,65-70.
captive,192,65.9446,Canis lupus lupus,60-70.,65-70.
captive,194,65.9446,Canis lupus lupus,60-70.,65-70.
captive,195,65.9446,Canis lupus lupus,60-70.,65-70.
captive,202,65.9446,Canis lupus lupus,60-70.,65-70.
captive,202,65.9446,Canis lupus lupus,60-70.,65-70.
captive,205,65.9446,Canis lupus lupus,60-70.,65-70.
captive,206,65.9446,Canis lupus lupus,60-70.,65-70.
captive,207,65.9446,Canis lupus lupus,60-70.,65-70.
captive,209,65.9446,Canis lupus lupus,60-70.,65-70.
captive,211,65.9446,Canis lupus lupus,60-70.,65-70.
captive,211,65.9446,Canis lupus lupus,60-70.,65-70.
captive,213,65.9446,Canis lupus lupus,60-70.,65-70.
captive,215,65.9446,Canis lupus lupus,60-70.,65-70.
wild ,203,67.8361967,NorthAmerica,60-70.,65-70.
wild ,194,67.8361967,NorthAmerica,60-70.,65-70.
wild ,191,67.8361967,NorthAmerica,60-70.,65-70.
captive,191,68.69151,Canis lupus lupus,60-70.,65-70.
captive,193,68.69151,Canis lupus lupus,60-70.,65-70.
wild ,205,80.01144004,NorthAmerica,80-90. ,80-85.
wild ,198,80.01144004,NorthAmerica,80-90. ,80-85.
wild ,219,80.01144004,NorthAmerica,80-90. ,80-85.
wild ,212,80.01144004,NorthAmerica,80-90. ,80-85.
wild ,215,80.01144004,NorthAmerica,80-90. ,80-85.
wild ,213,80.01144004,NorthAmerica,80-90. ,80-85.
wild ,217,80.01144004,NorthAmerica,80-90. ,80-85.
wild ,226,80.01144004,NorthAmerica,80-90. ,80-85.
wild ,204,80.01144004,NorthAmerica,80-90. ,80-85.
wild ,211,80.01144004,NorthAmerica,80-90. ,80-85.
wild ,157,48.4110465,NorthAmerica,40-50.,45-50.
wild ,157,48.4110465,NorthAmerica,40-50.,45-50.
wild ,155,48.4110465,NorthAmerica,40-50.,45-50.
wild ,170,48.4110465,NorthAmerica,40-50.,45-50.
wild ,165,48.4110465,NorthAmerica,40-50.,45-50.
wild ,159,48.4110465,NorthAmerica,40-50.,45-50.
wild ,149,48.4110465,NorthAmerica,40-50.,45-50.
wild ,173,48.4110465,NorthAmerica,40-50.,45-50.
wild ,163,48.4110465,NorthAmerica,40-50.,45-50.
wild ,163,48.4110465,NorthAmerica,40-50.,45-50.
wild ,170,48.4110465,NorthAmerica,40-50.,45-50.
wild ,159,48.4110465,NorthAmerica,40-50.,45-50.
wild ,163,44.3805,NorthAmerica,40-50.,45-50.
wild ,172,44.3805,NorthAmerica,40-50.,45-50.
wild ,172,44.3805,NorthAmerica,40-50.,45-50.
wild ,171,44.3805,NorthAmerica,40-50.,45-50.
wild ,168,44.3805,NorthAmerica,40-50.,45-50.
wild ,159,44.3805,NorthAmerica,40-50.,45-50.
wild ,157,44.3805,NorthAmerica,40-50.,45-50.
wild ,162,44.3805,NorthAmerica,40-50.,45-50.
wild ,166,44.3805,NorthAmerica,40-50.,45-50.
wild ,158,44.3805,NorthAmerica,40-50.,45-50.
wild ,165,44.3805,NorthAmerica,40-50.,45-50.
wild ,177,44.3805,NorthAmerica,40-50.,45-50.
wild ,161,44.3805,NorthAmerica,40-50.,45-50.
wild ,155,44.3805,NorthAmerica,40-50.,45-50.
wild ,156,44.3805,NorthAmerica,40-50.,45-50.
wild ,166,44.3805,NorthAmerica,40-50.,45-50.
wild ,176,44.3805,NorthAmerica,40-50.,45-50.
wild ,165,44.3805,NorthAmerica,40-50.,45-50.
wild ,169,44.3805,NorthAmerica,40-50.,45-50.
wild ,172,44.3805,NorthAmerica,40-50.,45-50.
wild ,171,44.3805,NorthAmerica,40-50.,45-50.
wild ,169,44.3805,NorthAmerica,40-50.,45-50.
wild ,166,44.3805,NorthAmerica,40-50.,45-50.
wild ,156,44.3805,NorthAmerica,40-50.,45-50.
wild ,158,44.3805,NorthAmerica,40-50.,45-50.
wild ,163,44.3805,NorthAmerica,40-50.,45-50.
wild ,155,44.3805,NorthAmerica,40-50.,45-50.
wild ,162,44.3805,NorthAmerica,40-50.,45-50.
wild ,163,44.3805,NorthAmerica,40-50.,45-50.
wild ,171,44.3805,NorthAmerica,40-50.,45-50.
wild ,165,44.3805,NorthAmerica,40-50.,45-50.
wild ,162,44.3805,NorthAmerica,40-50.,45-50.
wild ,168,44.3805,NorthAmerica,40-50.,45-50.
wild ,168,44.3805,NorthAmerica,40-50.,45-50.
wild ,164,44.3805,NorthAmerica,40-50.,45-50.
wild ,164,44.3805,NorthAmerica,40-50.,45-50.
wild ,159,44.3805,NorthAmerica,40-50.,45-50.
wild ,179,44.3805,NorthAmerica,40-50.,45-50.
wild ,152,44.3805,NorthAmerica,40-50.,45-50.
wild ,155,44.3805,NorthAmerica,40-50.,45-50.
wild ,170,44.3805,NorthAmerica,40-50.,45-50.
wild ,168,44.3805,NorthAmerica,40-50.,45-50.
wild ,169,44.3805,NorthAmerica,40-50.,45-50.
wild ,165,44.3805,NorthAmerica,40-50.,45-50.
wild ,170,44.3805,NorthAmerica,40-50.,45-50.
wild ,179,44.3805,NorthAmerica,40-50.,45-50.
wild ,176,44.3805,NorthAmerica,40-50.,45-50.
wild ,173,44.3805,NorthAmerica,40-50.,45-50.
wild ,165,44.3805,NorthAmerica,40-50.,45-50.
wild ,161,44.3805,NorthAmerica,40-50.,45-50.
wild ,159,44.3805,NorthAmerica,40-50.,45-50.
wild ,153,44.3805,NorthAmerica,40-50.,45-50.
wild ,166,44.3805,NorthAmerica,40-50.,45-50.
wild ,169,44.3805,NorthAmerica,40-50.,45-50.
wild ,167,44.3805,NorthAmerica,40-50.,45-50.
wild ,159,44.3805,NorthAmerica,40-50.,45-50.
wild ,169,44.3805,NorthAmerica,40-50.,45-50.
wild ,169,44.3805,NorthAmerica,40-50.,45-50.
wild ,172,44.3805,NorthAmerica,40-50.,45-50.
wild ,177,44.3805,NorthAmerica,40-50.,45-50.
wild ,169,44.3805,NorthAmerica,40-50.,45-50.
wild ,169,44.3805,NorthAmerica,40-50.,45-50.
wild ,169,44.3805,NorthAmerica,40-50.,45-50.
wild ,171,44.3805,NorthAmerica,40-50.,45-50.
wild ,171,44.3805,NorthAmerica,40-50.,45-50.
wild ,177,44.3805,NorthAmerica,40-50.,45-50.
wild ,175,44.3805,NorthAmerica,40-50.,45-50.
wild ,186,44.3805,NorthAmerica,40-50.,45-50.
wild ,187,44.3805,NorthAmerica,40-50.,45-50.
wild ,171,44.3805,NorthAmerica,40-50.,45-50.
wild ,171,44.3805,NorthAmerica,40-50.,45-50.
wild ,169,44.3805,NorthAmerica,40-50.,45-50.
wild ,180,44.3805,NorthAmerica,40-50.,45-50.
wild ,175,44.3805,NorthAmerica,40-50.,45-50.
wild ,159,44.3805,NorthAmerica,40-50.,45-50.
wild ,164,44.3805,NorthAmerica,40-50.,45-50.
wild ,163,44.3805,NorthAmerica,40-50.,45-50.
wild ,166,44.3805,NorthAmerica,40-50.,45-50.
wild ,172,44.3805,NorthAmerica,40-50.,45-50.
wild ,164,44.3805,NorthAmerica,40-50.,45-50.
wild ,173,44.3805,NorthAmerica,40-50.,45-50.
wild ,166,44.3805,NorthAmerica,40-50.,45-50.
wild ,165,44.3805,NorthAmerica,40-50.,45-50.
wild ,179,44.3805,NorthAmerica,40-50.,45-50.
wild ,170,44.3805,NorthAmerica,40-50.,45-50.
wild ,177,44.3805,NorthAmerica,40-50.,45-50.
wild ,173,44.3805,NorthAmerica,40-50.,45-50.
wild ,159,44.3805,NorthAmerica,40-50.,45-50.
wild ,172,44.3805,NorthAmerica,40-50.,45-50.
wild ,164,44.3805,NorthAmerica,40-50.,45-50.
wild ,163,44.3805,NorthAmerica,40-50.,45-50.
wild ,159,44.3805,NorthAmerica,40-50.,45-50.
wild ,167,44.3805,NorthAmerica,40-50.,45-50.
wild ,164,44.3805,NorthAmerica,40-50.,45-50.
wild ,173,44.3805,NorthAmerica,40-50.,45-50.
wild ,158,44.3805,NorthAmerica,40-50.,45-50.
wild ,163,44.3805,NorthAmerica,40-50.,45-50.
wild ,163,44.3805,NorthAmerica,40-50.,45-50.
wild ,169,44.3805,NorthAmerica,40-50.,45-50.
wild ,170,44.3805,NorthAmerica,40-50.,45-50.
wild ,172,44.3805,NorthAmerica,40-50.,45-50.
wild ,159,44.3805,NorthAmerica,40-50.,45-50.
wild ,173,44.3805,NorthAmerica,40-50.,45-50.
wild ,176,44.3805,NorthAmerica,40-50.,45-50.
wild ,159,44.3805,NorthAmerica,40-50.,45-50.
wild ,158,44.3805,NorthAmerica,40-50.,45-50.
wild ,158,44.3805,NorthAmerica,40-50.,45-50.
wild ,154,44.3805,NorthAmerica,40-50.,45-50.
wild ,154,44.3805,NorthAmerica,40-50.,45-50.
wild ,162,44.3805,NorthAmerica,40-50.,45-50.
wild ,163,44.3805,NorthAmerica,40-50.,45-50.
wild ,159,44.3805,NorthAmerica,40-50.,45-50.
wild ,184,44.3805,NorthAmerica,40-50.,45-50.
wild ,180,44.3805,NorthAmerica,40-50.,45-50.
wild ,182,44.3805,NorthAmerica,40-50.,45-50.
wild ,166,44.3805,NorthAmerica,40-50.,45-50.
wild ,168,44.3805,NorthAmerica,40-50.,45-50.
wild ,165,44.3805,NorthAmerica,40-50.,45-50.
wild ,170,44.3805,NorthAmerica,40-50.,45-50.
wild ,182,44.3805,NorthAmerica,40-50.,45-50.
wild ,160,44.3805,NorthAmerica,40-50.,45-50.
wild ,165,44.3805,NorthAmerica,40-50.,45-50.
wild ,158,44.3805,NorthAmerica,40-50.,45-50.
wild ,158,44.3805,NorthAmerica,40-50.,45-50.
wild ,161,44.3805,NorthAmerica,40-50.,45-50.
wild ,156,44.3805,NorthAmerica,40-50.,45-50.
wild ,160,44.3805,NorthAmerica,40-50.,45-50.
wild ,153,44.3805,NorthAmerica,40-50.,45-50.
wild ,184,44.3805,NorthAmerica,40-50.,45-50.
wild ,165,44.3805,NorthAmerica,40-50.,45-50.
wild ,165,44.3805,NorthAmerica,40-50.,45-50.
wild ,176,44.3805,NorthAmerica,40-50.,45-50.
wild ,185,44.3805,NorthAmerica,40-50.,45-50.
wild ,188,44.3805,NorthAmerica,40-50.,45-50.
wild ,153,44.3805,NorthAmerica,40-50.,45-50.
wild ,164,44.3805,NorthAmerica,40-50.,45-50.
wild ,165,44.3805,NorthAmerica,40-50.,45-50.
wild ,170,44.3805,NorthAmerica,40-50.,45-50.
wild ,173,44.3805,NorthAmerica,40-50.,45-50.
wild ,171,44.3805,NorthAmerica,40-50.,45-50.
wild ,163,44.3805,NorthAmerica,40-50.,45-50.
wild ,163,44.3805,NorthAmerica,40-50.,45-50.
wild ,168,44.3805,NorthAmerica,40-50.,45-50.
wild ,168,44.3805,NorthAmerica,40-50.,45-50.
wild ,166,44.3805,NorthAmerica,40-50.,45-50.
wild ,182,44.3805,NorthAmerica,40-50.,45-50.
wild ,182,44.3805,NorthAmerica,40-50.,45-50.
wild ,177,44.3805,NorthAmerica,40-50.,45-50.
wild ,180,44.3805,NorthAmerica,40-50.,45-50.
wild ,180,44.3805,NorthAmerica,40-50.,45-50.
wild ,166,44.3805,NorthAmerica,40-50.,45-50.
wild ,167,44.3805,NorthAmerica,40-50.,45-50.
wild ,167,44.3805,NorthAmerica,40-50.,45-50.
wild ,160,44.3805,NorthAmerica,40-50.,45-50.
wild ,185,44.3805,NorthAmerica,40-50.,45-50.
wild ,163,44.3805,NorthAmerica,40-50.,45-50.
wild ,169,44.3805,NorthAmerica,40-50.,45-50.
wild ,170,44.3805,NorthAmerica,40-50.,45-50.
wild ,173,44.3805,NorthAmerica,40-50.,45-50.
wild ,173,44.3805,NorthAmerica,40-50.,45-50.
wild ,169,44.3805,NorthAmerica,40-50.,45-50.
wild ,172,44.3805,NorthAmerica,40-50.,45-50.
wild ,164,44.3805,NorthAmerica,40-50.,45-50.
wild ,159,44.3805,NorthAmerica,40-50.,45-50.
wild ,179,44.3805,NorthAmerica,40-50.,45-50.
wild ,179,44.3805,NorthAmerica,40-50.,45-50.
wild ,180,44.3805,NorthAmerica,40-50.,45-50.
wild ,164,44.3805,NorthAmerica,40-50.,45-50.
wild ,169,44.3805,NorthAmerica,40-50.,45-50.
wild ,170,44.3805,NorthAmerica,40-50.,45-50.
wild ,180,44.3805,NorthAmerica,40-50.,45-50.